{
  "channel_names": [
    "spotify_ads_spend",
    "meta_spend",
    "tiktok_spend",
    "youtube_spend",
    "radio_spend",
    "playlist_spend"
  ],
  "country_names": [
    "DE",
    "FR",
    "UK",
    "NL",
    "ES",
    "IT",
    "PL",
    "SE"
  ],
  "beta_mu": [
    0.65,
    0.55,
    0.45,
    0.7,
    0.8,
    0.35
  ],
  "alpha_mu": [
    0.5,
    0.55,
    0.35,
    0.6,
    0.7,
    0.65
  ],
  "K_mu": [
    0.45,
    0.5,
    0.3,
    0.5,
    0.6,
    0.55
  ],
  "S": [
    2.0,
    2.2,
    2.8,
    2.0,
    1.5,
    1.8
  ],
  "beta_sigma": [
    0.12,
    0.15,
    0.2,
    0.12,
    0.18,
    0.1
  ],
  "alpha_sigma": [
    0.08,
    0.08,
    0.1,
    0.07,
    0.1,
    0.08
  ],
  "K_sigma": [
    0.08,
    0.1,
    0.12,
    0.08,
    0.1,
    0.08
  ],
  "beta": [
    [
      0.6865660495705318,
      0.39400238406392574,
      0.6000902391612914,
      0.8128677659669457,
      0.4488136660423095,
      0.21978204931376816
    ],
    [
      0.7554140361568727,
      0.5425111133520621,
      0.4130275272909479,
      0.618288454671527,
      1.0200574409613254,
      0.3345470517931198
    ],
    [
      0.636326305081415,
      0.42397652845562084,
      0.2851037568617521,
      0.778071134538964,
      0.9337857508166196,
      0.40431542683051946
    ],
    [
      0.5935552814848646,
      0.4541683227634988,
      0.39497154975466325,
      0.8793929573481275,
      0.6441503991752162,
      0.44682783545914806
    ],
    [
      0.5396657256798066,
      0.6245741116080646,
      0.47848514721411306,
      0.7828582424881322,
      0.7230945236594238,
      0.36585396910767143
    ],
    [
      0.7298462130767344,
      0.5352271773235865,
      0.36534033759116924,
      0.6904338146912321,
      0.49627980188755466,
      0.20528875275769123
    ],
    [
      0.7508369764948875,
      0.29090193652114776,
      0.5368847287091715,
      0.7285282722798733,
      0.693053007974577,
      0.2053942145611545
    ],
    [
      0.8255963469463474,
      0.37168554185157243,
      0.32204969345005047,
      0.588810887031337,
      0.7298342354319618,
      0.2123313852443691
    ]
  ],
  "alpha": [
    [
      0.5102272322533828,
      0.5247005926125135,
      0.3483198842495711,
      0.5402869250698493,
      0.7879397974862828,
      0.7122233548343159
    ],
    [
      0.46573377422695145,
      0.5218293159609417,
      0.4032309185553348,
      0.6255810845054854,
      0.7412732611595988,
      0.6844656802406306
    ],
    [
      0.44675922341690444,
      0.5685729058453376,
      0.3616685809140728,
      0.6153082017710308,
      0.787142877794819,
      0.6678876439019746
    ],
    [
      0.36537041827073563,
      0.523209197601138,
      0.36627530651050055,
      0.6410355631951494,
      0.7711226579792855,
      0.713467778815994
    ],
    [
      0.550047231517387,
      0.525252276822381,
      0.3956775237557411,
      0.5536651841253344,
      0.6636946153434927,
      0.6194609684801337
    ],
    [
      0.3941840310116478,
      0.4702202537918815,
      0.38997742267234364,
      0.5366164661247957,
      0.662183744596061,
      0.7539382638228852
    ],
    [
      0.5057703606171096,
      0.5076405832748958,
      0.37326762113547035,
      0.601529650186641,
      0.8601778891320915,
      0.6308515498021581
    ],
    [
      0.5508120757451523,
      0.5322221842320982,
      0.2029193705497342,
      0.528909464315472,
      0.7313513847450195,
      0.7170501254315506
    ]
  ],
  "K": [
    [
      0.4552824558048973,
      0.6127241206968033,
      0.35610112107024544,
      0.43125660296934093,
      0.6368750784082499,
      0.47328939193368014
    ],
    [
      0.621331808069637,
      0.4593584983615384,
      0.2385308725114155,
      0.43489818174016975,
      0.6615979422575495,
      0.6403177834176714
    ],
    [
      0.5043130850457516,
      0.5067579069488891,
      0.33469432784279807,
      0.5505030580670832,
      0.4542844180144333,
      0.524426302691416
    ],
    [
      0.422101994220125,
      0.4537648207335433,
      0.40295710575085847,
      0.4846956540094708,
      0.4724313676662078,
      0.4593370228797216
    ],
    [
      0.3543328283528768,
      0.5486972480785581,
      0.24367171917567312,
      0.500999529498215,
      0.6480746658905909,
      0.5857224940823955
    ],
    [
      0.4214988823150859,
      0.5737515568467086,
      0.18796587839881476,
      0.4835649953705896,
      0.5049977945089419,
      0.5228773539279551
    ],
    [
      0.3681202005902508,
      0.5179275634956316,
      0.3263996020766118,
      0.6087350060192349,
      0.6835111245914578,
      0.5785496847319608
    ],
    [
      0.609738471335343,
      0.791386246600733,
      0.34972913199311956,
      0.4208369503974509,
      0.386795371926869,
      0.571416916987507
    ]
  ],
  "intercepts": [
    10.161582779515065,
    10.05771437874005,
    10.15284319690327,
    9.446937110309094,
    10.214433553578466,
    10.047114570233603,
    9.259262368328448,
    8.996156693592312
  ],
  "noise_sigma": 0.4
}